job_id,job_title,company,location,job_description,job_skills,posted_date,source
3757938019,"Manager, Engineering",,"Bessemer, AL","The TSUBAKI name is synonymous with excellence in quality, dependability, and customer service. U.S. Tsubaki is a leading manufacturer and supplier of power transmission and motion control products. As a part of a vast, international network of corporate and industrial resources, Tsubaki offers its customers the finest state-of-the-art products available in the world and we strive to be the Best Value supplier in the industry. The Engineering Manager is responsible for managing the engineering of automotive conveyance systems and their components to fulfill company contractual needs, costs, and timing. ESSENTIAL DUTIES AND RESPONSIBILTIES: The essential duties and responsibilities of this job are included but not limited to this job description – other tasks may be assigned and expected to be performed. Reasonable accommodations may be made to enable individuals with disabilities to perform the essential functions. Plan and direct engineering directives and establish job specific schedules and priorities. Understand types, quantities, specifications, and delivery dates for engineering products being designed and built. Facilitate engineering activities with procurement, production, and quality control activities. Facilitate operating methods and procedures designed to eliminate operating problems and improve quality. Maintain and revise, as necessary, engineering schedules according to material availability, budget and design, equipment failures and/or operations issues. Coo…","Bachelor's Degree in Mechanical Engineering preferred or equivalent work experience.10 years working in an Industrial Equipment Construction Environment. Experience in Conveyor/Material Handling Automotive Market. Experience in Fixtures/Enclosures/Ductwork Industrial Market Outstanding communication and organizational skills. Ability to work in a fast-paced environment. Knowledge of structural steel elements, material handling and production systems. Knowledge of enclosure, ductwork, and fixture design. State registered Professional Engineer, preferred. Attention to detail with emphasis on excellent customer service. Fosters and supports an environment of strong teamwork.Strong commitment to safety, departmental goals, and objectives. Ability to prioritize work and meet deadlines. Ability to work independently and collaboratively with a team in a fast paced, time sensitive, and deadline-oriented environment.Demonstrate the ability to multi-task and prioritize work to meet deadlines. Excellent verbal and written skills with the ability to communicate with all levels of customer and employees. Acts positively upon constructive criticism and coaching.Remains calm under pressure.Ability to operate office equipment including copier, scanner, and phone.Able to perform basic mathematical functions addition, subtraction, multiplication and/or division.Basic to intermediate knowledge of Microsoft Excel, Word, PowerPoint, and Outlook. Basic knowledge in Adobe Acrobat. AutoCad experience required. Inventor and AutoDesk products experience also preferred. Factory CAD, Solid Edge, MicroStation or other 3D software preferred. Requires some travel, including overnight and out of country to attend bid meetings and review job sites. Tsubaki is an Equal Opportunity Employer - Minorities/Females/Veterans/Disability PM21 PI232449413",2023-11-04,linkedin_kaggle_2023_2024
3757935381,Insights Analyst - Auto Industry,,United States,"Who We Are Escalent is an award-winning data analytics and advisory firm that helps clients understand human and market behaviors to navigate disruption. As catalysts of progress for more than 40 years, our strategies guide the world’s leading brands. We accelerate growth by creating a seamless flow between primary, secondary, syndicated, and internal business data, providing consulting and advisory services from insights through implementation. Based on a profound understanding of what drives human beings and markets, we identify actions that build brands, enhance customer experiences, inspire product innovation and boost business productivity. We listen, learn, question, discover, innovate, and deliver—for each other and our clients—to make the world work better for people. Why Escalent? Once you join our team you will have the opportunity to... Access experts across industries for maximum learning opportunities including Weekly Knowledge Sharing Sessions, LinkedIn Learning, and more.Gain exposure to a rich variety of research techniques from knowledgeable professionals.Enjoy a remote first/hybrid work environment with a flexible schedule.Obtain insights into the needs and challenges of your clients—to learn how the world’s leading brands use research.Experience peace of mind working for a company with a commitment to conducting research ethically.Build lasting relationships with fun colleagues in a culture that values each person. Role Overview People in the Insights & Co…",,2023-11-04,linkedin_kaggle_2023_2024
3757935111,Delivery Director (LLM Data Services),,"Texas, United States","About Appen Appen is a leader in AI enablement for critical tasks such as model improvement, supervision, and evaluation. To do this we leverage our global crowd of over one million skilled contractors, speaking over 180 languages and dialects, representing 130 countries. In addition, we utilize the industry's most advanced AI-assisted data annotation platform to collect and label various types of data like images, text, speech, audio, and video. Our data is crucial for building and continuously improving the world's most innovative artificial intelligence systems and Appen is already trusted by the world's largest technology companies. Now with the explosion of interest in generative AI, Appen is helping leaders in automotive, financial services, retail, healthcare, and governments the confidence to deploy world-class AI products. At Appen, we are purpose driven. Our fundamental role in AI is to ensure all models are helpful, honest, and harmless, so we firmly believe in unlocking the power of AI to build a better world. We have a learn-it-all culture that values perspective, growth, and innovation. We are customer-obsessed, action-oriented, and celebrate winning together. At Appen, we are committed to creating an inclusive and diverse workplace. We are an equal opportunity employer that does not discriminate on the basis of race, religion, color, national origin, gender, sexual orientation, age, marital status, veteran status, or disability status. We are seeking a highly…",,2023-11-04,linkedin_kaggle_2023_2024
3757934320,Business Analyst Sr - Hybrid Nasville,,"Nashville, TN","Duties And Responsibilities Below is a list of responsibilities that—while not comprehensive—provides an overview of the duties of the Evidence Coordinator within the Office of Evidence and Impact in an interim capacity (through September 30, 2024): Maintain existing data dashboards regarding the evidence base for the state budget through an annual refresh process. Lead the development of new budget dashboards or views as requested by the OEI deputy director. Create and execute a plan to scale up the preparation and execution of processes related to the annual collection of outcome data to update agency program inventories, specifically determining the best way to collect and store the data. Develop and document requirements, design, plan and implement new dashboards/views utilizing department outcome and budget data collected through the program inventory process. Finalize requirements for a redesign of the public-facing program inventory, develop an action plan and determine resources required, and initiate the redesign (assuming appropriate resources are in place). Limited data entry to support the activities above, as needed. The Evidence Coordinator will report directly to the Deputy Director of the Office of Evidence and Impact. Skills And Qualifications The candidate should have at least a bachelor’s degree with preference toward individuals with a master’s degree and at least two years of work experience. In addition, the candidate should possess the following qualif…",,2023-11-04,linkedin_kaggle_2023_2024
3757934319,Controls Engineer,,"Orlando, FL","Head-huntress.com has a Direct Hire opportunity for a Controls Engineer with a reputable Client in Orlando, FL. This position is full time, on-site at Clients location in Orlando, FL. Controls Engineer Location: Orlando, FL Experience level: Mid-senior Experience required: 5 Years Education level: Bachelor’s degree Job function: Engineering Industry: Industrial Automation. Individual will be working on automation and control system integration projects for clients in industries such as entertainment and manufacturing. Compensation: $121,000 - $150,000 Total position: 1 Relocation assistance: Limited assistance Visa sponsorship eligibility: No JOB DESCRIPTION: This position is responsible for controls engineering project requirements involving control system design, DCS/PLC programming, control panel design, instrumentation, check-out support, and start-up assistance. RESPONSIBILITIES: Must be organized, technically competent, have effective oral and written communications, and experience in working in a multi-disciplined environment and interfacing with engineers, designers, and drafters. Designs, develops, and implements DCS/PLC control system (logic software and hardware) to meet process requirements. As well as complying with any local or government agency design/implementation codes. Knowledge of control panel and system design standards and code practices for any local or government agencies Develops documents detailing control configuration and design. Documents includ…",,2023-11-04,linkedin_kaggle_2023_2024
3757934287,Lead Electrical Engineer [5326],,"Florence, KY","We're seeking a Lead Electrical Engineer to join our dynamic team and bring innovation to life without missing a beat. Join a premier organization at the forefront of cutting-edge military technology to shape the destiny of expeditionary shelter systems, shelter enhancements, and power generation solutions. Your innovations will serve the brave individuals who protect and respond to emergencies. Responsibilities:Architect and orchestrate the essential power and control components for our cutting-edge systems.Lead the charge in designing control panels and handpicking components, ensuring they meet power and control prerequisites.Weave your magic with electrical circuits, adhering to NEC guidelines for safety and efficiency.Collaborate seamlessly with fellow engineers, leveraging existing solutions to fast-track designs and optimize costs.Partner closely with our talented Designers to sculpt control panels and craft electrical subassemblies while deftly routing cables.Mastermind the Bill of Materials, assembling every puzzle piece for the electrical system.Keep the team on course by referencing our guiding drawing package for success. Qualifications:Masterful in engineering calculations and analyses, shaping hardware to customer desires.Guiding light for Designers and junior Engineers, offering technical wisdom.Pro at estimating workload, keeping projects on the right voltage.Change-maker in implementing Engineering Changes (EC’s) on designated hardware.Fearless in identifyin…",,2023-11-04,linkedin_kaggle_2023_2024
3757934282,Lead Systems Engineer [5321],,"Florence, KY","About Us:We are a premier organization at the forefront of cutting-edge military technology to shape the destiny of expeditionary shelter systems, shelter enhancements, and power generation solutions. Your innovations will serve the brave individuals who protect and respond to emergencies. As a top-tier Systems Engineer, you'll be at the heart of it all, working on intriguing technical programs that demand nothing but the best. Key Responsibilities:Technical Leadership: As the mastermind behind integrated project teams, you&#39;ll guide us to success.Technical Wizardry: Transform customer requirements into reality by crafting Systems Compliance Matrices.Performance Maestro: Ensure systems meet stringent customer standards through meticulousevaluations.Team Mentorship: Inspire and lead engineers with your technical acumen.Resource Guru: Manage estimates and technical risks like a pro. Requirements:Experience with SolidWorks, FEA, Microsoft Project, Excel Data Processing.Strong communication and organizational skills.Passion for fostering a collaborative team spirit. Desirable Skills:Familiarity with Matlab or similar software.Expertise in Finite Element Analysis with ANSYS Mechanical APDL.Knowledge of Trailer Design, DOT Regulations, and Lean Principles. Note: Only candidates who are eligible to obtain a Secret level security clearance, or who currently hold an active Secret level security clearance or greater, will be considered.",,2023-11-04,linkedin_kaggle_2023_2024
3757933843,Senior Insights Analyst - Financial Services team,,United States,"Who We Are Escalent is an award-winning data analytics and advisory firm that helps clients understand human and market behaviors to navigate disruption. As catalysts of progress for more than 40 years, our strategies guide the world’s leading brands. We accelerate growth by creating a seamless flow between primary, secondary, syndicated, and internal business data, providing consulting and advisory services from insights through implementation. Based on a profound understanding of what drives human beings and markets, we identify actions that build brands, enhance customer experiences, inspire product innovation and boost business productivity. We listen, learn, question, discover, innovate, and deliver—for each other and our clients—to make the world work better for people. Why Escalent? Once you join our team you will have the opportunity to... Access experts across industries for maximum learning opportunities including Weekly Knowledge Sharing Sessions, LinkedIn Learning, and more.Gain exposure to a rich variety of research techniques from knowledgeable professionals.Enjoy a remote first/hybrid work environment with a flexible schedule.Obtain insights into the needs and challenges of your clients—to learn how the world’s leading brands use research.Experience peace of mind working for a company with a commitment to conducting research ethically.Build lasting relationships with fun colleagues in a culture that values each person. Role Overview People in the Insights & Co…",,2023-11-04,linkedin_kaggle_2023_2024
3757931749,Lead Mechanical Engineer[5325],,"Florence, KY","Join a premier organization at the forefront of cutting-edge military technology. We are seeking a dynamic Lead Mechanical Engineer to shape the destiny of expeditionary shelter systems, shelter enhancements, and power generation solutions. Your innovations will serve the brave individuals who protect and respond to emergencies. As the Lead Mechanical Engineer, you will spearhead innovative engineering solutions, working closely with a team of skilled professionals. Your mission: to transform concepts into reality, utilizing your expertise in engineering calculations, technical guidance, and solid design principles. Key Responsibilities:Innovate: Create engineering magic by transforming concepts into tangible designs, while ensuring compliance with customer requirements.Guide: Share your wisdom and expertise with Designers and emerging Engineers, leading them towards excellence.Estimate: Be the architect of your projects, estimating the effort needed for component or subsystem development.Drive Change: Embrace the challenge of implementing Engineering Changes on assigned hardware, shaping the future of our designs.Risk Management: Your sharp eye will identify and mitigate technical risks, ensuring smooth project execution. Qualifications:Experience with SolidWorks, FEA, Microsoft Project, and Excel calculationsProficiency in Finite Element Analysis using ANSYS Mechanical APDL will set you apart.Familiarity with Lean Principles and Lean Management Systems, including metrics a…",,2023-11-04,linkedin_kaggle_2023_2024
3757931739,Radio Frequency Engineer [5333],,"Huntsville, AL","Why Us?Make a Difference: Your innovations will serve the brave individuals who protect and respond to emergencies.Technical Mastery: As our primary technical expert, you'll lead projects in EMI and HEMP for game-changing systems.Diverse Opportunities: Dive into testing, design, 3D modeling, and more, fueled by your creativity. Your Impact:Collaborate on a world-class team.Put systems to the test and refine designs.Ensure top-tier RF equipment performance.Lead equipment decisions that drive progress.Shape the future of defense technology. Qualifications:Bachelor’s degree in Electrical or Mechanical Engineering or a related field.3+ years’ experience work experience in an Electrical or RF Engineering related position.Expertise in EMI and HEMP testing.Strong communication and problem-solving skills.Proficiency in SolidWorks; AutoCAD skills a plus.Organized, analytical, and a team player.Willingness to work outside and ability to lift equipment used for testing purposes are a must. Note: Only candidates who are eligible to obtain a Secret level security clearance, or who currently hold an active Secret level security clearance or greater, will be considered.",,2023-11-04,linkedin_kaggle_2023_2024
3757930923,Senior Test Engineer [5274],,"San Jose, CA","Job DescriptionDesigns, develops and implements cost-effective methods of testing and troubleshooting analog and mixed-signal power management semiconductor products.Responsible for developing test solutions for wafer sort and final test.Prepares test and diagnostic programs, designs test fixtures and equipment and completes the required specifications and procedures for new product development.Work with design/DFT/product engineering teams to define ATE test strategy and specifications.Work with manufacturing sites to ensure a smooth production ramp, sustaining and continuous improvement of production test.Experience:A minimum of 8 years of semiconductor Test Engineering experience with analog-mixed signal products, DFT and test plan responsibility, production support, and new product introduction experience.Knowledge of C/C++ is required.Extensive Teradyne Eagle ETS-88 or ETS-364 experience.Ability to work within a cross functional development teamStrong test development and debug skills on ETS-88 or ETS-364 ATE platform.Proficient with schematic and hardware design",,2023-11-04,linkedin_kaggle_2023_2024
3757930886,Lead Controls Engineer [5327],,"Florence, KY","Join a premier organization at the forefront of cutting-edge military technology to shape the destiny of expeditionary shelter systems, shelter enhancements, and power generation solutions. Your innovations will serve the brave individuals who protect and respond to emergencies. About the Role:As a Lead Controls Engineer, you'll be at the forefront of cutting-edge technology and play a pivotal role in shaping the future. Under the guidance of a Systems Engineer, you'll lead the charge in selecting and controlling components within microprocessor-based solutions. Collaborating with talented Designers, you'll identify sensor locations, design controls hardware, and develop P & ID schematics. Your software prowess will shine as you craft solutions on microprocessor-based controllers. Your ingenuity will further shine as you collaborate with fellow engineers to streamline processes and cut costs. The icing on the cake? Working closely with Designers to finalize drawings and compile Bill of Materials. What You'll Be Doing:Create engineering calculations and analyses for hardware.Provide technical guidance to Designers and junior Engineers.Estimate work requirements for assigned components or subsystems.Implement Engineering Changes (EC’s) on designated hardware.Identify and highlight technical risks to Systems Engineers.Utilize software skills with Visual Studio, Microsoft Project, Excel, and data processing. Desired Qualifications:Proven ability to generate engineering calculati…",,2023-11-04,linkedin_kaggle_2023_2024
3757929925,Electrical Engineering Manager [5320],,"Florence, KY","We are a premier organization at the forefront of cutting-edge military technology to shape the destiny of expeditionary shelter systems, shelter enhancements, and power generation solutions. Your innovations will serve the brave individuals who protect and respond to emergencies.We are a forward-thinking organization dedicated to pushing the boundaries of technology without limits. Our team thrives on creativity, collaboration, and a commitment to delivering exceptional results. As an Electrical Engineering Manager, you will play a pivotal role in shaping the future of our projects. Key Responsibilities:Lead and inspire a team of talented engineers to achieve project milestones.Spearhead technical initiatives and drive continuous improvement.Manage budgets, schedules, and project goals effectively.Promote a culture of quality and safety in all aspects of our work.Collaborate with cross-functional teams and support organizational values. Qualifications:6+ years of engineering experience with a BS in Electrical Engineering.Strong technical expertise and a track record of success.Excellent communication skills and an eye for detail.Proficiency in standard business software.A commitment to excellence and a passion for innovation. Note: Only candidates who are eligible to obtain a Secret level security clearance, or who currently hold an active Secret level security clearance or greater, will be considered.",,2023-11-04,linkedin_kaggle_2023_2024
3757928945,Software Quality Assurance Engineer [5291],,"Burlington, MA","Our mission is to enable a cure for the millions of patients suffering with atrial fibrillation (AF). We are developing a high-resolution, real-time, 3D electroanatomical mapping system that will be used during cardiac procedures to generate novel maps of AF using data acquired from a high spatial resolution catheter to guide therapeutic ablation. We are looking for an experienced Software Test Engineer to conduct testing of product software in a dynamic and complex engineering environment. RESPONSIBILITIESWorking with the product development team to execute the project.Testing products, identifying issues and finding solutions.Conduct manual testing of product and equipment software as neededMaintain a log of software bugs and troubleshoot to resolve performance issuesSKILLS AND REQUIREMENTSExperience writing a test plan for medical or other regulated software products is required.Significant experience of Quality Assurance or Engineering within the medical device industry.Knowledge of quality standardsStrong organizational, problem-solving, and analytical skills are requiredComfortable working in both a rigorous early-stage environment with fluid requirements, as well as a regulated later-stage process-driven setting is preferredExperience with Linux, Python and C Sharp is preferredBachelor’s Degree in computer science or a related field is preferred",,2023-11-04,linkedin_kaggle_2023_2024
3757927939,Lead Project Engineer [5324],,"Florence, KY","Join a premier organization at the forefront of cutting-edge military technology to shape the destiny of expeditionary shelter systems, shelter enhancements, and power generation solutions. Your innovations will serve the brave individuals who protect and respond to emergencies. What You'll Do:As the Project Lead Engineer, you'll work closely with our Program Manager, ensuring the seamless integration of technical tasks and client deliverables. Your expertise in Microsoft Project, Critical Path analysis, and Excel Earned Value Management will be crucial in driving project success. You'll also tackle the challenge of transferring technical data securely, even with large file sizes. Required Qualifications:Profound familiarity with extensive (1000’s of lines) Microsoft Project Gantt Charts, Critical Path assessment, and adjustment of tasking as necessary. Your mastery of project management tools will be the cornerstone of our projects.Managing the integration of the technical tasks accomplished by the technical team and the deliverables demanded by the client. Your ability to ensure project alignment is critical.Transmitting technical data to the client with substantial file sizes and secure protocols. Your expertise in secure data transfer is essential for success.Effective communicator and responsible for one's tasks and assisting others with their task-related responsibilities. Clear communication and accountability are key. Nice to haves:Familiarity with Siemens Teamcenter…",,2023-11-04,linkedin_kaggle_2023_2024
3757922135,Fullstack Engineer,,"San Francisco, CA","About FareHarbor At FareHarbor, our mission is to make experiences better for everyone. Founded in 2013 in Hawaii and acquired by Booking Holdings in 2018, FareHarbor creates powerful tools that enable our clients (think boat rentals, museums, food tours, events and more!) to operate and grow. With over 20,000 clients across 90+ countries—we’re the largest in our industry and shaping the future of travel, together. Our team is an ‘Ohana of 700+ people around the world. We’re passionate about pioneering an industry, embracing challenges with open arms, and delivering value to the experiences industry. FareHarbor Core Values Think Client FirstWe Are One ‘OhanaBe Curious and LearnOwn It.Act With IntegrityEmbrace the Challenge Why FareHarbor? Founding FareHarbor required unwavering passion. Turning a start-up into the world’s leading and largest reservation software for tours, activities, and attractions required relentless dedication and vision. To date, we’ve helped over 20,000 global businesses operate successfully and are proud to have played a role in enabling business owners to live their dreams. And since day one, we’ve known that our real success lies in our people—the Ohana. With each new feature launched and new client onboarded, there is a team of incredible people behind the scenes who are full of dedication, passion, energy, and the will to succeed. We encourage everyone to bring their whole selves to work—to believe in their abilities, to freely express their creat…",,2023-11-04,linkedin_kaggle_2023_2024
3757920617,Full Stack Developer - API Integrations,,United States,"Full Stack Developer - API IntegrationsJob Description: Full Stack Developer (API Integrations) Position Overview:We are looking for a talented and experienced Full Stack Developer specializing in API integrations to joinour development team. As a Full Stack Developer focusing on API integrations, you will play a crucial rolein designing, developing, and maintaining seamless integrations between our systems and external APIs.You will collaborate with cross-functional teams to ensure efficient data exchange and enhance thefunctionality of our software solutions. This position reports to the Technical Lead or EngineeringManager. Responsibilities: API Integration Development:● Design and develop integrations between our systems and external APIs, ensuring reliable andsecure data exchange.● Implement API integrations using RESTful or SOAP protocols, following best practices andindustry standards.● Perform thorough testing and validation of API integrations to ensure data accuracy and systemstability. Backend Development: ● Develop and maintain backend systems and services to support API integrations, including dataprocessing, transformation, and storage.● Implement business logic and algorithms to enable seamless data exchange and systeminteroperability.● Collaborate with the team to optimize backend performance and scalability for high-volume dataprocessing. Frontend Development: ● Implement frontend components and interfaces to consume and display data from APIintegrations.● D…",,2023-11-04,linkedin_kaggle_2023_2024
3757920135,ISD Analyst II-ID & Access Mgmt,,"Pensacola, FL","Overview To compile, research, analyze and document data, requirements, workflow/ processes, functionality and or controls for respective ISD group. To develop and evaluate information, and prepare recommendations based on analysis for use in decision making. To support the respective ISD group's functions, projects and activities. Work under direction of higher level analyst or management. Identity & Access Management: Responsible for the operational implementation and maintenance of access control policies and processes to ensure optimal security of user authentication (both internal and outside users), access rights, access restrictions, account profiles, and passwords. Responsibilities Analyze information, requirements, data, work quality, work methods, processes, service specific practices, standards and metrics/statisticsInterpret results of analysis; present recommendations, including alternatives and implicationsCollaborate with other business units to analyze and improve processing procedures and resolve problemsAnalyze changes in policies, procedures and products; determine the impact on the group functionsIdentify and analyze opportunities for new and/or improved processes, data, or technology; provide clear picture of possible outcomesWork with peers, business units and/or project teams, and vendors to ensure business needs are fully communicated, documented and satisfiedMonitor and analyze key performance indicators, and establish processes and methodologies for…",,2023-11-04,linkedin_kaggle_2023_2024
3757919581,IT Data and Finance Manager,,"Broomfield, CO","IT Data and Finance Manager Danone North America is building a stand-alone structure for our Premium Organic Dairy business operations (PD+). The following role is intended to support that business as a ground floor opportunity supporting these exciting brands in a new context. This is a unique opportunity to join an outstanding business, with the iconic Horizon Organic brand and the innovative Wallaby yogurt brand, a distinctive premium, organic portfolio with a long-lasting strong commitment to sustainability across its value chain. About the Job: We are currently looking to hire a IT Data and Finance Manager.This role is responsible for the transportation and logistics of the organic raw milk, cream, skim and NFDM into manufacturing facilities. This is a hybrid or remote position with a preference to be based in Broomfield, CO. In this role, you will be responsible for: Oversee and manage IT support for Cash & Financial Operations, including Accounting and AR/AP. Enterprise Data Management, Enterprise Performance Management, and Financial Planning, Reporting & Analysis.Serve as the primary point of contact for the organization's financial and data management software, including SAP FI/CO, SAP ODS SLT, SAP Fiori for capex management, OneSource, MuleSoft API, High Radius, Power BI, IBP Kantar, and Tagetik.Ensure seamless integration of financial and data management systems, implementing and monitoring data management policies and practices.Collaborate with the IT and financ…",,2023-11-04,linkedin_kaggle_2023_2024
3757919150,Senior Camera Image Quality Engineer,,"San Francisco, CA","Who We Are Samsara (NYSE: IOT) is the pioneer of the Connected Operations™ Cloud, which is a platform that enables organizations that depend on physical operations to harness Internet of Things (IoT) data to develop actionable insights and improve their operations. At Samsara, we are helping improve the safety, efficiency and sustainability of the physical operations that power our global economy. Representing more than 40% of global GDP, these industries are the infrastructure of our planet, including agriculture, construction, field services, transportation, and manufacturing — and we are excited to help digitally transform their operations at scale. Working at Samsara means you’ll help define the future of physical operations and be on a team that’s shaping an exciting array of product solutions, including Video-Based Safety, Vehicle Telematics, Apps and Driver Workflows, Equipment Monitoring, and Site Visibility. As part of a recently public company, you’ll have the autonomy and support to make an impact as we build for the long term. Recent awards we’ve won include: Glassdoor's Highest-Rated Tech Companies for Culture and Values 2023 Great Place To Work Certified™ 2023 Best Place to Work by Built In 2023 Financial Times The Americas’ Fastest Growing Companies 2023 Deloitte Fast 500 Companies We see a profound opportunity for data to improve the safety, efficiency, and sustainability of operations, and hope you consider joining us on this exciting journey. About the role…",,2023-11-04,linkedin_kaggle_2023_2024
3757918639,Staff Scientist,,"San Jose, CA","ResponsibilitiesLooking for a Staff Scientist, Bioinformatics with at least 5 years industry experience who will be responsible for collecting product requirements and designing and developing NGS analysis pipelines to meet those requirements. Proficiency in genomics, sequence analysis, and secondary analysis, such as: variant calling (e.g., SNVs/MNVs/indels, CNV, structural variants), NGS QC. Please apply at https://www.takarabio.com/about/careers#target-Section5 QualificationsThis person will be responsible for evaluating current algorithms and tools and developing a ""best-practice"" set of methods primarily focused on Reproductive Health Technologies. The person will work closely with the assay and marketing teams to develop novel methods. Strong statistical, mathematical and/or analytical skills as demonstrated by experience with R and Python math libraries. Experience in pipeline design and development following standard Software Development Life Cycle practice, including developing appropriate wrappers to provide easy-to-use tools for non-Bioinformaticians.",,2023-11-04,linkedin_kaggle_2023_2024
3757917759,Resident Engineer [5118],,"Hicksville, NY","Company Description:The construction management and surveying services company, based in Hicksville, New York, was formed in 1991. The company provides civil and structural engineering, land surveying, construction inspection/management, site safety, geotechnical instrumentation, technology, and special inspection services. The firm’s market sectors include transportation (highway, bridge, and rail infrastructure); building and facility projects inclusive of schools and colleges, medical care, housing, wastewater treatment, commercial and site development; and municipal engineering. The company has been successful in building an excellent reputation for professional service and experience with all the company's clients. The company place great emphasis on client communication, quality, meeting project deadlines, and innovative problem-solving. Job Location: Hicksville, New York Responsibilities: This position will oversee all assigned work to ensure that it is managed in accordance with established Port Authority Engineering Department / Construction Management Division (CMD) standards, and all effectively coordinated with JFK facility operations. This includes the following: The development, preparation, and sheparding of change orders and other agreements, estimates, schedules, daily/weekly/monthly construction progress and financial reporting, and inspections. Ensure that all staff have a working knowledge of the approved contract documents, shop drawings and/or catalog c…",,2023-11-04,linkedin_kaggle_2023_2024
3757917481,ISD Analyst II-ID & Access Mgmt,,"Minneapolis–Saint Paul, WI","Overview To compile, research, analyze and document data, requirements, workflow/ processes, functionality and or controls for respective ISD group. To develop and evaluate information, and prepare recommendations based on analysis for use in decision making. To support the respective ISD group's functions, projects and activities. Work under direction of higher level analyst or management. Identity & Access Management: Responsible for the operational implementation and maintenance of access control policies and processes to ensure optimal security of user authentication (both internal and outside users), access rights, access restrictions, account profiles, and passwords. Responsibilities Analyze information, requirements, data, work quality, work methods, processes, service specific practices, standards and metrics/statisticsInterpret results of analysis; present recommendations, including alternatives and implicationsCollaborate with other business units to analyze and improve processing procedures and resolve problemsAnalyze changes in policies, procedures and products; determine the impact on the group functionsIdentify and analyze opportunities for new and/or improved processes, data, or technology; provide clear picture of possible outcomesWork with peers, business units and/or project teams, and vendors to ensure business needs are fully communicated, documented and satisfiedMonitor and analyze key performance indicators, and establish processes and methodologies for…",,2023-11-04,linkedin_kaggle_2023_2024
3757917410,Business Intelligence Analyst,,"Louisville, KY","Description Our company Congo Brands is at the epicenter of where consumer demand meets product development. Through brand partnerships with lead influencers, we are afforded an inside look at what consumers truly desire. Congo Brands houses some of the world’s most noted brands including Alani Nu, Prime Hydration, Prime Energy, and 3D Energy only to include more within the coming years. Congo Brands is a health and wellness brand that sells supplements, fitness snacks, hydration drinks, energy drinks, and many more through ecommerce and retail partnerships. E-commerce becomes the laboratory for consumer feedback and serves as a data pool for future retail endeavors. Congo Brands is on pace to become one of the World’s most noted consumer product brand companies, with revenue growth increasing exponentially year over year. Congo Brand’s goal is to be the go-to ‘Better for You Brand’ for everything from nutritional supplements, energy drinks, snacks and much more. The role This is an in-office, full-time position at Congo Brands HQ in Louisville, KY. The Business Intelligence Analyst role is a broad scoped role that’s critical in helping departments make informed business decisions. This role will gather and analyze business requirements, identify opportunities for improvement, and develop innovative solutions. The Business Intelligence Analyst will collaborate with the Data Managers and Business Analysts to generate actionable insights that impact all areas of the business t…",,2023-11-04,linkedin_kaggle_2023_2024
3757917314,"Senior Principal Scientist, ADME/PK",,"South San Francisco, CA","Description We are seeking a highly motivated Senior Principal Scientist/Associate Director specialized in characterizing the in vitro and in vivo ADME/PK properties of small molecule lead compounds and drug candidates. This person will work on ORIC drug discovery and development project teams with the goal of developing therapeutics to overcome resistance in cancer. The primary responsibilities will be to plan, oversee and/or execute in vitro and in vivo studies, interpret results and troubleshoot problems as well as establish exposure-response relationships to inform PK drivers of efficacy. The successful candidate will thrive in partnership with discovery and development teams to identify clinical candidates and support regulatory filings, as well as manage and mentor team members. Essential Duties Design, conduct and interpret in vitro experiments to profile ADME properties of drug candidates. Conduct and/or design hypothesis driven in vitro and in vivo studies to reveal the mechanism of drug disposition. Provide interpretation of in vitro, ex vivo and in vivo data that are generated both internally and with CROs; review and interpret bioanalytical data and reports; establish exposure-response relationships. Participate and contribute to project team meetings and presentations; represent DMPK as the subject matter expert and draft DMPK screening strategy. Manage and mentor scientists, including problem-solving for methods and instrumentation. Coauthor and review high qua…",,2023-11-04,linkedin_kaggle_2023_2024
3757917224,"Customer Support Engineer –Herndon, VA",,"Herndon, VA","Company Overview: Cogent Communications is a multinational, Tier 1 facilities-based ISP, consistently ranked as one of the top five networks in the world and is publicly traded on the NASDAQ Stock Market under the ticker symbol CCOI. Cogent specializes in providing businesses with high speed Internet access and point-to-point transport services. Cogent's facilities-based, all-optical IP network backbone provides IP services in over 180 markets globally. Since its inception, Cogent has unleashed the benefits of IP technology, building one of the largest and highest capacity IP networks in the world. This network enables Cogent to offer large bandwidth connections at highly competitive prices. Cogent also offers superior customer support by virtue of its end-to-end control of service delivery and network monitoring. Cogent offers competitive compensation and a full benefits package that takes effect within 30 days of employment. Matching 401k and stock options are also included. Job Summary: Cogent is looking for a Customer Support Engineer that will be based out of our Atlanta, GA . They will be a member of a team that works directly with Cogent’s customers via phone and e-mail to respond to and resolve their Network service related issues. The position requires an individual with excellent verbal and written communication skills, who is self-motivated and is able to work in a fast paced dynamic environment. Responsibilities: Answer incoming phone calls from Cogent’s customer…",,2023-11-04,linkedin_kaggle_2023_2024
3757917223,"Customer Support Engineer –Atlanta, GA.",,Atlanta Metropolitan Area,"Company Overview: Cogent Communications is a multinational, Tier 1 facilities-based ISP, consistently ranked as one of the top five networks in the world and is publicly traded on the NASDAQ Stock Market under the ticker symbol CCOI. Cogent specializes in providing businesses with high speed Internet access and point-to-point transport services. Cogent's facilities-based, all-optical IP network backbone provides IP services in over 180 markets globally. Since its inception, Cogent has unleashed the benefits of IP technology, building one of the largest and highest capacity IP networks in the world. This network enables Cogent to offer large bandwidth connections at highly competitive prices. Cogent also offers superior customer support by virtue of its end-to-end control of service delivery and network monitoring. Cogent offers competitive compensation and a full benefits package that takes effect within 30 days of employment. Matching 401k and stock options are also included. Job Summary: Cogent is looking for a Customer Support Engineer that will be based out of our Atlanta, GA . They will be a member of a team that works directly with Cogent’s customers via phone and e-mail to respond to and resolve their Network service related issues. The position requires an individual with excellent verbal and written communication skills, who is self-motivated and is able to work in a fast paced dynamic environment. Responsibilities: Answer incoming phone calls from Cogent’s customer…",,2023-11-04,linkedin_kaggle_2023_2024
3757917153,Cloud Solutions Engineer,,"Chicago, IL","Come join the company that is reinventing cloud security and empowering businesses to thrive in the cloud. As the fastest-growing startup ever, Wiz is on a mission to help organizations secure cloud environments that will accelerate their businesses. Trusted by security teams all over the world, we have a proven track record of success and a culture that values world-class talent. Our Wizards from over 13 countries work together to protect the infrastructure of our hundreds of customers, including over 35% of the Fortune 100, who trust us to scan and secure over 230 billion files daily. We’re the leading player in a massive and growing market, but it’s still early enough for you to make a significant impact. At Wiz, you’ll have the freedom to think creatively, dream big, and use your full range of skills to contribute to our record growth. Come join our team and help us create secure cloud environments that allow the best companies to move faster. Summary As a Cloud Solutions Engineer, you will be responsible for supporting our cloud native and midsize enterprises, reporting to the regional Cloud Solutions Engineer Manager. You will partner directly with account executives to help change our customers’ approach to cloud security. You will be their trusted advisor for all matters cloud security across their estate—providers including AWS, GCP, Azure, and more—and throughout their software development and delivery. We are passionate about technical sales and helping our custom…",,2023-11-04,linkedin_kaggle_2023_2024
3757916658,Cogent Project Engineering Manager,,"Washington, DC","Company: Cogent Communications is a global, Tier 1 facilities-based ISP, consistently ranked as one of the top five networks in the world and is publicly traded on the NASDAQ Stock Market under the ticker symbol CCOI. Cogent specializes in providing businesses with high speed Internet access and Ethernet transport services. Cogent's facilities-based, all-optical IP network backbone provides IP services globally. Since its inception, Cogent has unleashed the benefits of IP technology, building one of the largest and highest capacity IP networks in the world. This network enables Cogent to offer large bandwidth connections at highly competitive prices. Cogent also offers superior customer support by virtue of its end-to-end control of service delivery and network monitoring. A competitive base salary and a full benefits package including; Health, Dental, Vision, Paid Time Off ( PTO), Short and Long Term Disability, Life Insurance, Holidays, Parental Leave, 401 ( k) plan with employer match, stock options, and an Employee Assistance Program. Most benefits take effect within 30 days of employment, and some require a waiting period. Responsibilities: Provide hands-on technical expertise for maintaining, troubleshooting and turning-up fiber optic networksTurn-up and test new customer circuitsDrive the implementation of metro network augmentation and expansionWork with vendors to build out risers within a ""Class A"" office buildingsProvide coordination between field managers and HQ…",,2023-11-04,linkedin_kaggle_2023_2024
3757915814,Cyber Security SOC L3 Security Analyst (M/F),,"Detroit, MI","The Equans Group is a world leader in the energy and services industry. The Group operates in 20 countries and has 90,000 employees on 5 continents. Equans designs, installs, and delivers customized solutions to improve its customers’ equipment, systems and technical processes and optimize their use in the context of their energy, industrial and digital transitions. Active in Canada and the United States for more than 30 years, Equans Services is the partner of businesses, industries and institutions that want to move towards more connected buildings, manage their facilities efficiently and decarbonize transportation infrastructure and mobility. We design, install, and maintain custom solutions to improve our customers’ facilities, systems, and infrastructures. Our core offerings are focused in the following areas: Integrated Asset and Facilities Management Operation and maintenance of buildings and equipmentEnergy efficiency solutions and sustainability plan Building automation and controls Solutions for transportation and mobility To learn more, visit www.equansservices.com/en. Summary The L3 SOC ANALYST is a member of the Equans Security Operations Center (SOC) which is responsible for handling cybersecurity incidents within the Equans information systems. His/her responsibilities are: Take charge of the cybersecurity incidents entrusted to him/her.Improve the detection & reaction capability of the EQUANS SOC by:Proposing, testing and implementing detection rules ;Continu…",,2023-11-04,linkedin_kaggle_2023_2024
3757915686,Senior SRE Software Engineer - Block Storage,,"Durham, NC","Site Reliability Engineering (SRE) Site Reliability Engineering (SRE) is an engineering discipline that involves designing, building, and maintaining large-scale production systems with high efficiency and availability. It encompasses various areas, including software and systems engineering practices, Block Storage, and services. SRE professionals are highly specialized and possess expertise in different domains such as systems, networking, storage, coding, database management, capacity management, continuous delivery, and deployment, as well as open-source cloud-enabling technologies like Kubernetes, containers, and virtualization. Their responsibilities encompass ensuring reliable storage solutions, managing data efficiently, and providing related services to support the overall stability and performance of the production systems. SRE at NVIDIA ensures that our DGX Cloud platform continues to be reliable and performant to meet the needs of our users. SRE is also a mindset and a set of engineering approaches to running efficient production systems, with a focus on eliminating manual work through modern automation practices and performance tuning. Practices such as limiting time spent on reactive operational work, blameless postmortems, and proactive identification of potential outages are key to product quality, providing interesting and dynamic day-to-day work. SRE's culture of diversity, intellectual curiosity, problem-solving, and openness is important to its success. W…",,2023-11-04,linkedin_kaggle_2023_2024
3757915550,Senior HPC Systems Engineer,,United States,"Lambda's GPU cloud is used by deep learning engineers at Stanford, Berkeley, and MIT. Lambda's on-prem systems power research and engineering at Intel, Microsoft, Kaiser Permanente, major universities, and the Department of Defense. If you'd like to build the world's best deep learning cloud, join us. What You’ll Do Design and architect the state-of-the-art AI supercomputers powering our cloudIntroduce technology and software to improve the performance, resiliency, and quality of service of our HPC storage and networking infrastructureWork closely with our ML team to benchmark, tune, and optimize our hypervisors, network, and storageSet up monitoring, logging and alerting to ensure high availability and observabilityProvide guidance and represent the interests of our HPC customers Qualifications Expertise with architecting, operating, and debugging large scale HPC network and storage infrastructure, ideally using MPI, NCCL, RDMA, Infiniband, and parallel file systemsExperience building complex, high-quality software using PythonDeep understanding of Linux fundamentals, especially its networking stackExperience with large GPU clusters is strongly preferredExperience with virtualization and kubernetesStrong engineering background - Computer Science, Electrical Engineering, Mathematics, Physics You will be successful in this role if you Have led and taken full ownership over large, ambiguous, cross team projects from conception to productionEnjoy moving fast and making a large…",,2023-11-04,linkedin_kaggle_2023_2024
3757915058,Program Controls Analyst – Data Center Construction,,"Columbus, OH","Company Description From the inception of a project through to completion and beyond, Turner & Townsend help to deliver the outcomes that matter through transformational programs covering the full spectrum of consultancy, project delivery and post-project operations. With offices located globally, you're never far away from our services. Working from 118 offices in 50 countries, we make the difference to projects across the real estate, infrastructure and natural resources sectors worldwide. Our team is dynamic, innovative and client-focused, supported by an inclusive and fun company culture. Our clients value our proactive approach, depth of expertise, integrity and the quality we deliver. As a result, our people get to enjoy working on some of the most exciting projects in the world. Job Description Turner & Townsend are seeking an ambitious Program Controls Analyst to join our prestigious technology client’s rapidly growing data center team. You have a chance to be a key player in our technological future, as part of a team of innovative professionals shaping our built environment. The role requires a smart, motivated professional to work closely with global construction teams and various internal departments, including Data Center Analytics, Procurement and Finance to support all aspects of project cost management and financial forecasting for our Client’s growing data center infrastructure construction team. The ideal candidate is an ambitious construction professional…",,2023-11-04,linkedin_kaggle_2023_2024
3757914732,"Senior Manager of NA Data Center Operations, Washi",,"Washington, DC","Company: Cogent Communications is a global, Tier 1 facilities-based ISP, consistently ranked as one of the top five networks in the world and is publicly traded on the NASDAQ Stock Market under the ticker symbol CCOI. Cogent specializes in providing businesses with high speed Internet access and Ethernet transport services. Cogent's facilities-based, all-optical IP network backbone provides IP services in over 216 markets globally. Since its inception, Cogent has unleashed the benefits of IP technology, building one of the largest and highest capacity IP networks in the world. This network enables Cogent to offer large bandwidth connections at highly competitive prices. Cogent also offers superior customer support by virtue of its end-to-end control of service delivery and network monitoring. A generous base salary, structured tenure pay increases and an uncapped commissions plan offers you an unlimited earnings potential. A full benefits package takes effect within 30 days of employment. Matching 401k and stock options are also included. Responsibilities: Cogent Communications is seeking an enthusiastic professional to be Cogent’s new “Senior Manager of NA Data Center Operations”. The full-time position will be working out of the downtown Washington DC Office; it will also require some work travel. The position is for Monday-Friday, mostly during regular business hours work, but this would also be an on-call “24/7/365” position. The Senior Manager will oversee the day-to-da…",,2023-11-04,linkedin_kaggle_2023_2024
3757913895,Steam Engineer - FT Nights,,"Torrance, CA","Description Under direction of the Manager, Plant Operations, and supervision of the Lead Steam Engineer, the Steam Engineer operates and maintains boilers, compressors, pumps, supply and exhaust fans, air handlers, air conditioning, heating systems, diesel generators, water softeners, chillers and refrigeration equipment; services plumbing, electrical systems and other mechanical and electrical equipment within the physical plant. Core Competencies Operates and maintains steam plants as scheduled (boilers, pumps, DA tank, softeners and condensate return system) to insure operation within established parameters. Operates and maintains all heating ventilation, air conditioning (HVAC), plants (chillers, pumps, fans, supply fans, exhaust fans, exchanger, and heaters) to ensure operation within established parameters. Operates and maintains all ancillary plants (medical gas systems, medical vacuum systems, oxygen system, elevators, dumb waiters, pneumatic tube systems, sewage pumps, and storm drain pump) to ensure operation within established parameters. Takes charge of Code Red procedures. Participates in code situations as directed, eg Code Blue, Red, Green, Orange, Pink, Purple, Yellow, Generator, Gray, and Silver. Maintains a proper log of all work accomplished during assigned shift. Analyzes, treats and controls all boiler water, soft water, cooling tower water, domestic hot water and evaporative condenser water systems. Checks pressure reducing systems and makes adjustment…",,2023-11-04,linkedin_kaggle_2023_2024
3757913512,SIGINT Systems Engineer - Senior Principal,,"Chantilly, VA","Job ID 2315127 Location CHANTILLY, VA, US Date Posted 2023-11-03 Category Engineering and Sciences Subcategory Systems Engineer Schedule Full-time Shift Day Job Travel No Minimum Clearance Required TS/SCI With Poly Clearance Level Must Be Able to Obtain None Potential for Remote Work No Description SAIC is seeking a SIGINT Systems Engineer Principal to support SAIC’s Prime Program, Landmark AOS in Chantilly, VA. Landmark AOS is a large SETA program, supporting the NRO’s Ground Enterprise Directorate (GED), responsible for the acquisition of systems over the complete end-to-end life cycle. Responsibilities include, but are not limited to the following Coordinate CONOPS of SIGINT mission planning and scheduling systemsDevelop architecture productsWrite and translate requirements into Epics/Features based on emerging customer needsUnderstand system-to-system interfaces and act as an IntegratorEvaluate system designs and trade-space proposed and implemented by our developers, while working in coordination with the acquisition offices (AOs)Assess performance using evaluation criteria and technical performance measuresMonitor system and segment schedules, recognize dependenciesIdentify risks and opportunitiesFacilitate readiness, release planning events, and demonstrations in support of system and acquisition-level sprints and incrementsReview Request for Changes (RFCs) and identify impacts, in addition author RFCs for the customerSupport Agile and DevOps automated test and verifi…",,2023-11-04,linkedin_kaggle_2023_2024
3757912815,"Customer Support Engineer –Washington, DC",,"Washington, DC","Company Overview: Cogent Communications is a multinational, Tier 1 facilities-based ISP, consistently ranked as one of the top five networks in the world and is publicly traded on the NASDAQ Stock Market under the ticker symbol CCOI. Cogent specializes in providing businesses with high speed Internet access and point-to-point transport services. Cogent's facilities-based, all-optical IP network backbone provides IP services in over 180 markets globally. Since its inception, Cogent has unleashed the benefits of IP technology, building one of the largest and highest capacity IP networks in the world. This network enables Cogent to offer large bandwidth connections at highly competitive prices. Cogent also offers superior customer support by virtue of its end-to-end control of service delivery and network monitoring. Cogent offers competitive compensation and a full benefits package that takes effect within 30 days of employment. Matching 401k and stock options are also included. Job Summary: Cogent is looking for a Customer Support Engineer that will be based out of our Atlanta, GA . They will be a member of a team that works directly with Cogent’s customers via phone and e-mail to respond to and resolve their Network service related issues. The position requires an individual with excellent verbal and written communication skills, who is self-motivated and is able to work in a fast paced dynamic environment. Responsibilities: Answer incoming phone calls from Cogent’s customer…",,2023-11-04,linkedin_kaggle_2023_2024
3757912464,Manufacturing Engineer,,"Maxton, NC","In 2022, Meritor, Inc. was acquired by Cummins Inc., combining the capabilities, talent and resources of our two companies. Now a business unit within Cummins’ Components segment called Cummins-Meritor, we provide a range of industry-leading components, including axles, brakes, suspensions, drivelines and aftermarket parts, for the commercial vehicle and industrial markets. It’s an exciting time to be part of Cummins-Meritor, and we’re looking for team members to help us bring big ideas to life. Apply today to create new possibilities. Job Flexibility Onsite: This position requires an employee to be on-site on a full-time basis. Overview This position supports or directly impacts the overall performance metrics for the entire assembly plant. The Manufacturing Engineer establishes and directs manufacturing practices, processes, procedures, facilities, tools and equipment for production to achieve safety, quality, productivity, environmental, financial and CI objectives. This position requires the use of lean manufacturing principles to minimize inventory, maximize throughput, and optimize facility utilization. Job Responsibilities Serves as primary liaison with cross-function Product Development Teams providing Design for Manufacturing (DFM) input for new products, and acting as the primary interface and transition of new product to a full production environment. Design and implement efficient processes using lean manufacturing principles, to enable single piece flow in a pul…",,2023-11-04,linkedin_kaggle_2023_2024
3757912247,Release Train Engineer,,"Buffalo, NY","This role offers a hybrid work schedule; offering the flexibility to work from home two days a week, while providing the opportunity for in-person collaboration. Overview: Embark on an exciting journey as a servant leader and coach, overseeing a program level Agile Release Train (ART) that comprises multiple cross-functional agile teams. Your role will be to apply Agile principles to existing ceremonies, including Program Increment (PI) planning, ART Synchs, and Scrum of Scrums, with a fresh perspective to inspire and drive success. As an advocate for value delivery, you will ensure that all teams within the ART are empowered to thrive, while maintaining transparency into program delivery predictability and forecasting. You will keep stakeholders and team members informed of the ART's progress, fostering a dynamic environment that fuels collaboration and innovation. Join us and lead the charge in delivering remarkable value for our organization. Primary Responsibilities: Ignite and scale program-level communication and ceremonies, infusing them with energy and purpose. Take charge of organizing, facilitating, and maturing ceremonies such as PI planning events, Scrum of Scrums, ART Syncs, and ART Retrospectives.Forge a strong partnership with Product Managers, aligning on the value of Epics and Features. Nurture an environment that fosters work intake, prioritizes the program backlog, and effectively distributes work to teams within the ART.Be the beacon of progress, ensuring…",,2023-11-04,linkedin_kaggle_2023_2024
3757912219,PCF to Azure AKS Migration Developer - R01530767,,United States,"About Brillio: Brillio is the partner of choice for many Fortune 1000 companies seeking to turn disruption into a competitive advantage through innovative digital adoption. Backed by Bain Capital, Brillio is one of the fastest growing digital technology service providers. We help clients harness the transformative potential of the four superpowers of technology - cloud computing, internet of things (IoT), artificial intelligence (AI), and mobility. Born digital in 2014, we apply Customer Experience Solutions, Data Analytics and AI, Digital Infrastructure and Security, and Platform and Product Engineering expertise to help clients quickly innovate for growth, create digital products, build service platforms, and drive smarter, data-driven performance. With delivery locations across United States, Romania, Canada, Mexico, and India, our growing global workforce of over 6,000 Brillians blends the latest technology and design thinking with digital fluency to solve complex business problems and drive competitive differentiation for our clients. Brillio was awarded ‘Great Place to Work’ in 2021 and 2022 PCF to Azure AKS Migration Developer Primary Skills Azure API Management, Azure PaaS Services, Azure Networking, Azure Logic Apps, Azure App Service, Azure SQL, Azure AD Specialization Azure Architecture: Senior Software Development Lead Job requirements Title: PCF to Azure AKS Migration Developer Location: Dallas, TX Duration: Long Term Job Overview: We are seeking a skilled and e…",,2023-11-04,linkedin_kaggle_2023_2024
3757911731,Engineer – Compliance Reporting (Fuel Economy),,"Auburn Hills, MI","Role Summary This role is the lead to coordinate technical fleet compliance reports for VW Group in US and Canadian markets and to oversee the submission of such. This includes ensuring that all the technical data for fleet reporting requirements are collected, assembled, verified and validated prior to submission to regulatory agencies in the US and in Canada. This position also participates in regulatory monitoring and development of environmental/emissions regulations for mobile sources. Role Responsibilities Compliance Reporting (60%) Leads various working teams between EEO and the VW Brands in Europe for the creation and verification of compliance reporting data Leads the compilation, validation and reporting activities Fleet Compliance reports (e.g., Zero Emission Vehicle (ZEV), Corporate Average Fuel Economy (CAFE), Greenhouse Gas (GHG)) to US Federal and State Agencies (e.g., CARB) for VW Group in accordance with all regulatory requirements Leads US and Canadian working groups that generate and validate the technical data required to claim Air Conditioning (AC) and Off Cycle credits in accordance with CAFE and GHG requirements Maintains Averaging Banking and Trading of Credit mechanisms of various fleet compliance mandates, including assisting in credit trading discussions Performs multi-eye reviews of data submitted for various Fleet Emission Compliance reports (e.g., NMOG + NOx, Criteria Pollutants, Canadian Fuel Consumption Guide (VEERR)) Leads the collection of d…",,2023-11-04,linkedin_kaggle_2023_2024
3757911650,Process Improvement & Robotic Process Automation (RPA) Analyst,,"Los Angeles, CA","Do you have a proven track record of successfully implementing systems or processes that drive business performance? If so, you might be a great match to own the efforts to improve efficiency and operational improvement as we transition to Intuit Dome, a one-of-a-kind destination for basketball and live experiences. Intuit Dome will be our new home for the 2024-25 NBA season. We are looking for a Process Improvement & Robotic Process Automation (RPA) Analyst to play a pivotal role in optimizing our business operations across the entire organization, including Finance, Marketing, Operations, Sales, Technology, HR, Legal, and others. You will drive efficiency, reduce operational costs, and improve overall business performance by implementing process enhancements, automation solutions, and industry best practices. Your efforts will directly contribute to our ability to deliver outstanding experiences to our fans and stakeholders while reducing our operational complexity. This is a full-time role based out of our DTLA office and is eligible for our competitive benefit offerings, including health insurance, Wellbeing Allowance and 401(k) with company contribution. The LA Clippers are committed to providing a safe and healthy workplace. New members of our team must be fully vaccinated for COVID-19 (as defined by the CDC) and will need to provide verification of vaccination for COVID-19. What You Will Do Process Assessment and Analysis: Conduct in-depth assessments of existing busi…",,2023-11-04,linkedin_kaggle_2023_2024
3757911572,"Principal Software Engineer, MLOps Infrastructure",,"California, United States","We are looking for a Principal Software Engineer with deep learning leadership experience to join our group! Come join NVIDIA's AI/AV Infrastructure team to develop state of the art MLOps infrastructure for our advanced autonomous driving platform. Together, we will help advance NVIDIA's capacity to build and deploy leading solutions for a broad range of AI-based applications. To ensure that our fleet of autonomous vehicles scalably record, analyze, and train our state-of-the-art machine learning models, we need to stay a step ahead of our engineering partners. We need someone who has built systems that handle petabyte-scale datasets, or is able to map their prior experience to develop systems that handle such scale. We are either directly involved or in collaboration with our partner teams in all the data lifecycle activities. To ensure we deliver on the expectations of our customers, our solutions must be scalable and performant. Our approach must embrace engineering and operational excellence practices across the stack. We need someone who can ensure that the primitives which make our platform build, scale, and ship reliably. You will embed in one of our engineering teams that has high visibility and work on both product-focused and infrastructure roles. What You'll Be Doing Contributing to the development of Deep Learning software infrastructure for large scale image and video processing tasks and leading major technical projects for the team. The range of applications y…",,2023-11-04,linkedin_kaggle_2023_2024
3757911571,"Senior Financial Analyst, Operations and Manufacturing",,"Santa Clara, CA","We are looking for a Senior Financial Analyst to support NVIDIA's Operations and Manufacturing for business units within the Company’s Graphics and Computing and Networking segments. As part of NVIDIA's Finance organization, the overarching responsibilities will be to build and maintain collaborative partnerships with Operations and Finance teams to strategically run financial planning and analysis of product cost, inventory, and supply and to provide reliable and relevant information to improve the Company’s financial performance. This is a role for a thorough individual who thrives in a dynamic, fast-paced environment. What You’ll Be Doing Collaborate with Sales Finance, Corporate Finance, Business Operations, and Manufacturing teams in running a business unit’s financial performance from the perspective of product costs, inventory, and supply management.Analyze and model product costs, inventory-on-hand, supply, and purchase commitments for quarterly and multi-year forecasts, as well as effective decision-making of manufacturing volumes and timing.Partner with Finance and other team members in support of all required activities related to the Company’s monthly and quarterly financial close processes and related earnings releases.Support continuous process improvements and system/tool automation for increased efficiency of running big data for deeper analysis.Develop/support other relevant ad hoc analyses related to manufacturing or supply for executive communication of bu…",,2023-11-04,linkedin_kaggle_2023_2024
3757911020,Engineer (Utility),,Greater Jackson Area,"Posting End Date Work Place Flexibility: Hybrid Legal Entity: Entergy Services, Inc.-ESI (OLD) This position can be based out of any Entergy regional office in Arkansas, Mississippi or North Louisiana (West Monroe). This position will be filled as an Engineer I, II or III based on qualifications and experience of the selected candidate. Job Summary/Purpose This position will support efforts associated with the Project Engineering deployment initiatives. Engineer positions will support distribution design/engineering of projects being implemented across the 5 Entergy operating companies. This will include all detailed scoping, engineering, and design activities from projects initiated by Asset Management, Distribution Planning, Distribution Automation, and Project Engineering initiatives. Job Duties/Responsibilities Develop detailed scoping and engineering plans for projects. Ensuring adherence to Project Engineering standard to develop Scoping/Design/Engineering. Partner with subject matter experts input into the scoping such as (Project Management, DOC, Data Maintenance, Planning, Operations, Transmission). Review and perform quality assurance for design deliverables (internal and external design). Audit of design packages and construction jobs to ensure adherence of Project Engineering standards. Assist Right Of Way group to secure permitting on an as needed basis. Assist with the required change management and roll out of new program development. Assist distribution autom…",,2023-11-04,linkedin_kaggle_2023_2024
3757910540,Senior Preconstruction Estimator - Data Center Construction,,"Tulsa, OK","Company Description From the inception of a project through to completion and beyond, Turner & Townsend help to deliver the outcomes that matter through transformational programs covering the full spectrum of consultancy, project delivery and post-project operations. With offices located globally, you're never far away from our services. Working from 118 offices in 50 countries, we make the difference to projects across the real estate, infrastructure and natural resources sectors worldwide. Our team is dynamic, innovative and client-focused, supported by an inclusive and fun company culture. Our clients value our proactive approach, depth of expertise, integrity and the quality we deliver. As a result, our people get to enjoy working on some of the most exciting projects in the world. Job Description Turner & Townsend is seeking an experienced Senior Preconstruction Estimator to provide estimating, benchmarking & commercial management services on our key technology client’s data center construction program onsite in Pryor, Oklahoma. The successful candidate will also be confident reviewing Mechanical and/or Electrical Subcontract packages and buyout. Responsibilities Provide expert estimating services for hyperscale data centers from RFP through to construction completion, managing key relationships with the client, general contractor, and project team.Develop Project Capital Estimates using a bottoms-up approach. Lead the training of templates & tools for the general contr…",,2023-11-04,linkedin_kaggle_2023_2024
3757910519,Data Center Technician,,"Salt Lake City, UT","Lambda's GPU cloud is used by deep learning engineers at Stanford, Berkeley, and MIT. Lambda's on-prem systems power research and engineering at Intel, Microsoft, Kaiser Permanente, major universities, and the Department of Defense. If you'd like to build the world's best deep learning cloud, join us. Note: This position requires presence in our Salt Lake City Data Center 5 days per week. What You'll Do Ensure new server, storage and network infrastructure is properly racked, labeled, cabled, and configuredTroubleshoot hardware and software issues in some of the world’s most advanced systemsDocument data center layout and network topology in DCIM softwareWork with supply chain & manufacturing teams to ensure timely deployment of systems and project plans for large-scale deployments Participate in data center capacity and roadmap planning with sales and customer success teams to allocate floorspace Assess current and future state data center requirements based on growth plans and technology trendsManage a parts depot inventory and track equipment through the delivery-store-stage-deploy-handoff process in each of our data centersWork closely with HW Support team to ensure data center infrastructure-related support tickets are resolvedWork with RMA team to ensure faulty parts are returned and replacements are orderedCreate installation standards and documentation for placement, labeling, and cabling to drive consistency and discoverability across all data centersServe as a subj…",,2023-11-04,linkedin_kaggle_2023_2024
3757910421,Chief Engineer,,"Tempe, AZ","This is an exempt position and will be paid on a salaried basis in accordance with state and federal law. Job Summary Manages all engineering/maintenance operations, including maintaining the building, grounds and physical plant with particular attention towards safety, security and asset protection. Accountable for managing the budget, capital expenditure projects, preventative maintenance and energy conservation. Responsible for maintaining regulatory requirements. Leads the emergency response team for all facility issues. CANDIDATE PROFILE Education And Experience High school diploma or GED; 4 years experience in the engineering and maintenance or related professional area; technical training in HVAC-R/electrical/plumbing. OR 2-year degree from an accredited university in Building and Construction, Engineering, Mechanics, or related major; 2 years experience in the engineering and maintenance or related professional area; technical training in HVAC-R/electrical/plumbing. CORE WORK ACTIVITIES Managing Property Operations and Engineering Budgets Supervises Engineering in the absence of the Director of Engineering. Assists in managing the physical plant including equipment, refrigeration, HVAC, plumbing, water treatment, electrical and life safety systems. Maintains and operates equipment at optimum effectiveness, efficiency and safety. Establishes and manages an effective rooms maintenance program. Ensures compliance with all Engineering departmental policies, standards and…",,2023-11-04,linkedin_kaggle_2023_2024
3757909578,Telework Option - Housing Policy Analyst,,"Sacramento, CA","Equal Opportunity Employer The State of California is an equal opportunity employer to all, regardless of age, ancestry, color, disability (mental and physical), exercising the right to family care and medical leave, gender, gender expression, gender identity, genetic information, marital status, medical condition, military or veteran status, national origin, political affiliation, race, religious creed, sex (includes pregnancy, childbirth, breastfeeding and related medical conditions), and sexual orientation. It is an objective of the State of California to achieve a drug-free work place. Any applicant for state employment will be expected to behave in accordance with this objective because the use of illegal drugs is inconsistent with the law of the State, the rules governing Civil Service, and the special trust placed in public servants. Position Details Job Code #: JC-401920 Position #(s): 401-310-9035-005 Working Title: Telework Option - Housing Policy Analyst Classification: HOUSING AND COMMUNITY DEVELOPMENT SPECIALIST I $6,061.00 - $7,587.00 Shall Consider: HOUSING AND COMMUNITY DEVELOPMENT SPECIALIST II $6,658.00 - $8,334.00 # of Positions: Multiple Work Location: Sacramento County Telework: Telework Job Type: Permanent, Full Time Department Information The mission of the Department of Housing and Community Development (HCD) is to promote safe, affordable homes and vibrant, inclusive, sustainable communities for all Californians. To learn more about HCD, please visit…",,2023-11-04,linkedin_kaggle_2023_2024
3757909418,Data Foundation Engineering Leader – GRS Tech,,"Portsmouth, NH","Pay Philosophy The typical starting salary range for this role is determined by a number of factors including skills, experience, education, certifications and location. The full salary range for this role reflects the competitive labor market value for all employees in these positions across the national market and provides an opportunity to progress as employees grow and develop within the role. Some roles at Liberty Mutual have a corresponding compensation plan which may include commission and/or bonus earnings at rates that vary based on multiple factors set forth in the compensation plan for the role. Description The Global Data and Advanced Analytics (GDAA) team is focused on delivering best in class data, analytics, and digital content Tech solutions to Global Risk Solutions. Data and Analytics is a strategic business and technology priority for Global Risk Solutions. We are looking to evolve and transform our current data ecosystem and capabilities to the next level. We are searching for a passionate engineering leader to work as the Data Foundation Engineering Leader. This leader will be a trusted advisor to the GRS leadership and work closely with the GRS Data Office and Business and Technology partners to deliver core data platform and capabilities to deliver efficient and innovative business data products and solutions. In this position, you will lead a team of Data Technology professionals to build and support a portfolio of data platforms, capabilities and serv…",,2023-11-04,linkedin_kaggle_2023_2024
3757909059,SW Dev Analyst Associate,,"Brea, CA","Join an amazing team that is consistently recognized for our achievements and culture, including our most recent Forbes award of being one of America's Best Midsize Employers for 2023! The Software Developer Associate is an entry level position responsible for coding/configuring, testing, debugging, documenting, and maintaining software applications as per defined standards in an environment that continuously introduces leading-edge technologies. Codes, configures and unit tests functionality as per detailed functional specifications and established standards. BS Degree in Computer Science, Information Systems, or other related fields with specific emphasis on database design, object-oriented programming concepts, software design and development; or equivalent combination of education and experience. Six (6) months experience in an internship or entry level job related to Software Development Must have basic working knowledge in one or more applicable technologies or methodologies used at Mercury Knowledge of object-oriented programming. Basic knowledge of database design concepts. Understanding of Software Development Life Cycle. Well-balanced interpersonal skills and strong verbal and written communications skills are required. Must be accountable and take direction from supervisor, follow work rules, and keep required work schedules, which include regular and predictable job attendance. Must be flexible and able to work effectively in a team environment and consistently m…",,2023-11-04,linkedin_kaggle_2023_2024
3757907564,Business Analyst,,"Louisville, KY","Cognizant Technology Solutions is seeking a “Business Analyst” who could join our team of IT professionals in a permanent role. If you meet our background requirements and skills and looking for an opportunity to be rewarded for your skills and expertise, here is the ideal opportunity for you! “Cognizant will not sponsor H-1B or other U.S. work authorization, or lawful permanent residence (otherwise known as a “Green Card”) for this role. Role: Associate Location: Louisville, KY (Remote) Work experience required: 5-7 years Must Have Skills Business Analysis & Planning Business Operations Good To Have Skills Knowledge of PowerBI & Healthcare domain experience will be a plus. Roles & Responsibilities Business Analysis to focus on data development, process execution and development/enhancements, and perform non-structured data modeling and analysis. Analyze and identify anomalies, support efforts to align workforce data and processes for cross-portfolio consumption. The IT Business Analyst monitors and measures relevant performance metrics to assess the performance of IT resources and optimizes performance through process improvement activities. The IT Business Analyst work assignments are varied and frequently require interpretation and independent determination of the appropriate courses of action. Salary And Other Compensation The annual salary for this position will depend upon experience and other qualifications of the successful candidate. This position is also eligible f…",,2023-11-04,linkedin_kaggle_2023_2024
3757907302,Sr. Scientist - TS/MS,,"Indianapolis, IN","At Lilly, we unite caring with discovery to make life better for people around the world. We are a global healthcare leader headquartered in Indianapolis, Indiana. Our employees around the world work to discover and bring life-changing medicines to those who need them, improve the understanding and management of disease, and give back to our communities through philanthropy and volunteerism. We give our best effort to our work, and we put people first. We’re looking for people who are determined to make life better for people around the world. Organization Overview For 140 years, Lilly has manufactured medicines that improve people’s lives around the world. We produce our medicines using some of the most sophisticated manufacturing technologies and rigorous quality standards. Lilly Manufacturing strives for excellence in its process, standards, procedures and behaviors to develop medicines with safety first and quality always. Position Brand Description The Validation Scientist is responsible for the technical ownership and successful execution of the Validation Program at the Indianapolis Parenteral Manufacturing Site. TS/MS Validation personnel provide stewardship of the site’s Validation Program, including assessment of and improvement in existing controls. Responsibilities Maintenance and continuous improvement of the Validation programsWrite validation protocols and reports in support of the site’s validation programsInvestigate and troubleshoot problems which occur dur…",,2023-11-04,linkedin_kaggle_2023_2024
3757906085,AP Claims Analyst,,"San Ramon, CA","One of my clients is looking for, Role: AP Claims AnalystLocation: San Ramon, CA (Hybrid)Duration: 6+ months of contract ResponsibilitiesSupport business testingResolve identified defectsProvider workgroup oversightTesting AP claims encounters, misdirected claimsDevelop, test, and configure claims’ lettersWork on batch job automation.Other tasks as assigned. RequiredThorough understanding of AP Claims and Epic Tapestry.Ability to support business testingAbility to resolve reported claims defects DesiredEpic Tapestry AP Claims certified.3-7 yrs Epic Tapestry experience. If interested, please send me your resume at harsh@hireplusinfotech.com",,2023-11-04,linkedin_kaggle_2023_2024
3757905940,2024 Commercial Banking Development Program-Credit Analyst- Las Vegas,,"Las Vegas, NV","Job Title 2024 Commercial Banking Development Program-Credit Analyst- Las Vegas Location: West Sahara What You'll Do Launch your career with Western Alliance Bank as a participant in our Commercial Banking Development Program. Explore what it’s like working as part of an entrepreneurial culture at one of the country’s top-performing banking companies. In the program, you will gain real-life experience as a Credit Analyst working alongside a team of experts in one of our business lines. Learn specialized skills and gain access to a variety of industries served by Western Alliance, including Digital Assets, Entertainment, Healthcare, Hotels & Resorts, Life Sciences, Manufacturing, Real Estate, Technology, Venture Capital, and Private Equity An 18-month development program where you’ll solve problems, be creative and make an impact. With access to resources necessary to become a successful business professional, you’ll develop leadership capabilities working alongside a diverse group from universities across the country. Throughout the program, you will participate in progressive assignments, mentor with experienced professionals, job shadow and attend formal leadership development workshops designed to set you up for professional success. Most importantly, you’ll gain real-life experience and explore what it’s like to work as part of an organization that exemplifies people, performance, and possibilities with the opportunity to demonstrate a commitment to our values of integri…",,2023-11-04,linkedin_kaggle_2023_2024
3757905505,Lead Hydraulic Engineer Hydraulics and Drainage Section #231029-9108FQ-001,,"Newington, CT","Introduction Are you passionate about shaping the future of transportation in Connecticut? If so, come join our great team of engineering and construction professionals where you can make an impact in state service! The State of Connecticut Department of Transportation (DOT) , is now accepting applications for a Lead Hydraulic Engineer ( Transportation Engineer 3 (Engineering) role within the Hydraulics and Drainage section in the Division of Bridges, Bureau of Engineering and Construction, at our Headquarters in Newington, CT. WE CAN OFFER YOU Work for a Forbes top company - ‘Forbes’: State of Connecticut Ranked One of the Best Employers of 2023 - State of CT Receives National Recognition for Offering Job Growth, Competitive Benefits, and Flexible Schedule A competitive starting salary A Platinum Healthcare Plan, the nation’s best for state employees and dependents, according to a report by Georgetown’s Center on Health Insurance Reform an article by Ellen Andrews, Ph.D., along with comprehensive benefit offerings Generous paid time off Retirement plan options A culture that encourages work-life balance Professional growth and development opportunities On-site low-cost fitness center, on-site cafeteria and Electric Vehicle (EV) charging Ample free parking with easy access from major highways or by public transportation Tuition reimbursement State of Connecticut is an eligible Public Service Loan Forgiveness employer, meaning you may be eligible to have qualifying student lo…",,2023-11-04,linkedin_kaggle_2023_2024
3757904620,Motor and Generator Field Technician / Engineer - Midwest & Southwest,,"Evansville, IN","Take your next career step at ABB with a global team that is energizing the transformation of society and industry to achieve a more productive, sustainable future. At ABB, we have the clear goal of driving diversity and inclusion across all dimensions: gender, LGBTQ+, abilities, ethnicity and generations. Together, we are embarking on a journey where each and every one of us, individually and collectively, welcomes and celebrates individual differences. This position will provide technical leadership and hands-on service support to resolve customers’ Electric Motor issues. This person will have a high level of technical expertise, be capable of planning and leading a project for his/herself or a team to execute projects and services within their skillsets, understand business profitability, and have great customer skills and an entrepreneurial spirit. This position reports to Operations Manager Your responsibilities Solid expertise in electric motors, electrical and mechanical technical skills, leadership, business acumen and effective communication skillsPerform preventive maintenance, commissioning, troubleshooting, repair and installation of AC and DC electric motors of more than 1000HP, with strength in electrical testing, mechanical inspection, alignment and vibration analysisDevelop service work scopes, pricing and proposals for customersPlan, coordinate and execute work in an organized, safe and effective manner to meet schedule, budget, and customer’s expectationsMa…",,2023-11-04,linkedin_kaggle_2023_2024
3757904434,Geotechnical Engineer Trainee Soils and Foundations Section #231029-8741FS-002,,"Newington, CT","Introduction Are you passionate about shaping the future of transportation in Connecticut? If so, come join our great team of engineering professionals and make an impact! Current students who will be graduating with a Bachelor's degree in Engineering by the end of May 2024 are strongly encouraged to apply! The State of Connecticut , Department of Transportation (DOT), is now accepting applications for Geotechnical Engineer Trainee (Transportation Engineer Trainee) positions in the Bureau of Engineering and Construction, Division of Bridges, in the Soils and Foundations section. What We Can Offer You Competitive starting salaryIndustry leading health benefits , including medical and dental coverageExtensive pension plan and supplemental retirement offeringsPaid time off including 13 paid holidays per calendar yearA culture that encourages work/life balance Professional growth and development opportunitiesOn-site low-cost fitness center, on-site cafeteria and Electric Vehicle (EV) chargingAmple free parking with easy access from major highways or by public transportation Tuition reimbursement The State of Connecticut is an eligible Public Service Loan Forgiveness employer. You may be eligible to have qualifying student loans forgiven after 10 years of service. Click here for more information. Work for a Forbes top company: State of Connecticut Ranked One of the Best Employers of 2023 - State of CT Receives National Recognition for Offering Job Growth, Competitive Benefits, an…",,2023-11-04,linkedin_kaggle_2023_2024
3757903602,Data Warehouse Engineer,,"St Louis, MO","Are you ready to embark on an exciting journey where your expertise in data warehousing and visualization will play a pivotal role in shaping our data ecosystem? As a Data Warehouse Engineer, you will have the opportunity to work on complex, cutting-edge projects that drive the success of our organization. Under minimal supervision, you'll be at the forefront of creating and maintaining data warehousing applications, ensuring the continuous flow of data and enabling actionable insights. If interested in this remote opportunity, please apply! Don't miss out, interviews are happening next week! Responsibilities: Craft and refine complex ETL routines, guaranteeing accurate data extraction, transformation, and loading, while implementing robust error handling and notification mechanisms. Harness the power of APIs to seamlessly acquire data from diverse sources and integrate them into our data ecosystem. Develop and maintain data marts and dimensional models, ensuring their accuracy and relevance through continuous updates. Apply your deep understanding of the Kimball model and data warehousing best practices to optimize our data architecture. Leverage Azure Data Factory to extract data from a variety of sources, including intricate big data structures. Lead the design and implementation of efficient curation routines and data archival strategies, bolstering data quality and long-term usability. Collaborate closely with cross-functional teams, providing technical leadership, insi…",,2023-11-04,linkedin_kaggle_2023_2024
3757902845,"Senior IT Business Systems Analyst, Supply Chain Management",,"Leetonia, OH","Are you a highly skilled and passionate Business Systems Analyst with strong problem-solving skills? Do you thrive on challenges and have a deep understanding of business processes and IT systems? We are seeking a Senior IT Business Systems Analyst with experience in the manufacturing industry. You will be responsible to ensure proper and ongoing alignment between the goals and objectives of the Extruded Products business and the capabilities of IT systems used to operate and manage that business. This role will require a deep understanding of business processes and IT systems, as well as strong analytical and problem-solving skills. The ideal candidate will have a Minimum of 10 years of experience in a similar role dealing with supply chain management solutions. Duties/Responsibilities: Collaborate with various business units and stakeholders to gather and analyze requirements, identifying areas for improvement in existing processes and recommending IT solutions to enhance efficiency and productivity. Lead the planning, coordination, and execution of IT system implementations, upgrades, and enhancements, ensuring minimal disruption to business operations and successful project delivery. Oversee the integration of various IT systems, ensuring seamless data flow between different applications and platforms, and facilitating end-to-end process automation. Create comprehensive and detailed functional and technical specifications, ensuring alignment with business needs and IT st…",,2023-11-04,linkedin_kaggle_2023_2024
